game_id,date,home_team_name,away_team_name,home_team_ranked,away_team_ranked,home_score,away_score,location_type,status,schedule_url,boxscore_url,boxscore_url_alt,dedupe_key,game_type
sidearm-2020-02-15-Loudoun-United-FC-(USL)-Temple-University,2020-02-15,Loudoun United FC,Temple University,false,false,,,away,scheduled,,,,2020-02-15-Loudoun-United-FC-Temple-University,regular
sidearm-2020-02-22-Jacksonville-University-of-Central-Florida,2020-02-22,Jacksonville,UCF,false,false,0,4,unknown,final,,,,2020-02-22-Jacksonville-UCF,regular
sidearm-2020-02-23-UNC-Asheville-USC-Upstate,2020-02-23,UNC Asheville,USC Upstate,false,false,,,home,scheduled,,,,2020-02-23-UNC-Asheville-USC-Upstate,regular
sidearm-2020-02-29-East-Tennessee-State-UNC-Asheville,2020-02-29,ETSU,UNC Asheville,false,false,,,away,scheduled,,,,2020-02-29-ETSU-UNC-Asheville,regular
sidearm-2020-02-29-Western-Illinois-IUPUI,2020-02-29,Western Illinois,IUPUI,false,false,,,unknown,scheduled,,,,2020-02-29-IUPUI-Western-Illinois,regular
sidearm-2020-03-06-Jacksonville-Eastern-Florida,2020-03-06,Jacksonville,Eastern Florida,false,false,,,unknown,canceled,,,,2020-03-06-Eastern-Florida-Jacksonville,regular
sidearm-2020-03-07-Wisconsin-Green-Bay,2020-03-07,Wisconsin,Green Bay,false,false,,,home,scheduled,,,,2020-03-07-Green-Bay-Wisconsin,regular
sidearm-2020-03-07-UMass-North-Toronto-Soccer-Club,2020-03-07,UMass,North Toronto Soccer Club,false,false,,,home,scheduled,,,,2020-03-07-North-Toronto-Soccer-Club-UMass,regular
sidearm-2020-03-18-Jacksonville-Pass4Soccer-Academy,2020-03-18,Jacksonville,Pass4Soccer Academy,false,false,,,unknown,canceled,,,,2020-03-18-Jacksonville-Pass4Soccer-Academy,regular
sidearm-2020-03-21-Navy-Temple-University,2020-03-21,Navy,Temple University,false,false,,,away,scheduled,,,,2020-03-21-Navy-Temple-University,regular
sidearm-2020-03-21-Jacksonville-Stetson-University,2020-03-21,Jacksonville,Stetson,false,false,,,unknown,canceled,,,,2020-03-21-Jacksonville-Stetson,regular
sidearm-2020-03-21-Western-Illinois-Quincy,2020-03-21,Western Illinois,Quincy,false,false,,,home,canceled,,,,2020-03-21-Quincy-Western-Illinois,regular
sidearm-2020-03-28-Temple-University-Loyola-(MD),2020-03-28,Temple University,Loyola (MD),false,false,,,home,scheduled,,,,2020-03-28-Loyola-(MD)-Temple-University,regular
sidearm-2020-03-28-Loyola-University-Chicago-Wisconsin,2020-03-28,Loyola Chicago,Wisconsin,false,false,,,away,scheduled,,,,2020-03-28-Loyola-Chicago-Wisconsin,regular
sidearm-2020-03-28-UMass-AIC,2020-03-28,UMass,AIC,false,false,,,home,scheduled,,,,2020-03-28-AIC-UMass,regular
sidearm-2020-03-29-Jacksonville-University-of-North-Florida,2020-03-29,Jacksonville,North Florida,false,false,,,unknown,canceled,,,,2020-03-29-Jacksonville-North-Florida,regular
sidearm-2020-04-03-UMass-UMass-Lowell,2020-04-03,UMass,UMass Lowell,false,false,,,home,scheduled,,,,2020-04-03-UMass-UMass-Lowell,regular
sidearm-2020-04-04-Temple-University-Penn-State,2020-04-04,Temple University,Penn State,false,false,,,home,scheduled,,,,2020-04-04-Penn-State-Temple-University,regular
sidearm-2020-04-04-Jacksonville-TBD,2020-04-04,Jacksonville,TBD,false,false,,,unknown,postponed,,,,2020-04-04-Jacksonville-TBD,regular
sidearm-2020-04-04-Marquette-University-Wisconsin,2020-04-04,Marquette,Wisconsin,false,false,,,away,scheduled,,,,2020-04-04-Marquette-Wisconsin,regular
sidearm-2020-04-04-Western-Illinois-Northern-Illinois,2020-04-04,Western Illinois,Northern Illinois,false,false,,,unknown,canceled,,,,2020-04-04-Northern-Illinois-Western-Illinois,regular
sidearm-2020-04-10-UMass-SNHU,2020-04-10,UMass,SNHU,false,false,,,home,scheduled,,,,2020-04-10-SNHU-UMass,regular
sidearm-2020-04-15-Forward-Madison-FC-(Exhibition)-Wisconsin,2020-04-15,Forward Madison FC,Wisconsin,false,false,,,away,scheduled,,,,2020-04-15-Forward-Madison-FC-Wisconsin,exhibition
sidearm-2020-04-17-UMass-LIU,2020-04-17,UMass,LIU,false,false,,,home,scheduled,,,,2020-04-17-LIU-UMass,regular
sidearm-2020-04-18-Temple-University-Drexel,2020-04-18,Temple University,Drexel,false,false,,,home,scheduled,,,,2020-04-18-Drexel-Temple-University,regular
sidearm-2020-04-18-Western-Illinois-Drake,2020-04-18,Western Illinois,Drake,false,false,,,unknown,canceled,,,,2020-04-18-Drake-Western-Illinois,regular
sidearm-2020-04-24-UMass-Franklin-Pierce,2020-04-24,UMass,Franklin Pierce,false,false,,,home,scheduled,,,,2020-04-24-Franklin-Pierce-UMass,regular
sidearm-2020-04-25-Wisconsin-Creighton-University,2020-04-25,Wisconsin,Creighton,false,false,,,home,scheduled,,,,2020-04-25-Creighton-Wisconsin,regular
sidearm-2020-04-26-Western-Illinois-Central-Methodist-(Mo.),2020-04-26,Western Illinois,Central Methodist (Mo.),false,false,,,unknown,canceled,,,,2020-04-26-Central-Methodist-(Mo.)-Western-Illinois,regular
sidearm-2020-08-01-Howard-CANCELED-DUE-TO-COVID-19,2020-08-01,Howard,CANCELED DUE TO COVID-19,false,false,,,unknown,canceled,,https://hubison.com/boxscore.aspx?id=12419,,2020-08-01-CANCELED-DUE-TO-COVID-19-Howard,regular
sidearm-2020-08-13-Detroit-Mercy-2020-Fall-Season-Cancelled,2020-08-13,Detroit Mercy,2020 Fall Season Cancelled,false,false,,,unknown,scheduled,,,,2020-08-13-2020-Fall-Season-Cancelled-Detroit-Mercy,regular
sidearm-2020-08-27-UC-San-Diego-Northwestern,2020-08-27,UC San Diego,Northwestern,false,false,,,unknown,canceled,,,,2020-08-27-Northwestern-UC-San-Diego,regular
sidearm-2020-08-29-UC-San-Diego-Loyola-Chicago,2020-08-29,UC San Diego,Loyola Chicago,false,false,,,unknown,canceled,,,,2020-08-29-Loyola-Chicago-UC-San-Diego,regular
sidearm-2020-09-01-St.-Thomas-Anoka-Ramsey-CC,2020-09-01,St. Thomas,Anoka Ramsey CC,false,false,,,home,scheduled,,,,2020-09-01-Anoka-Ramsey-CC-St.-Thomas,regular
sidearm-2020-09-04-UC-San-Diego-Santa-Clara,2020-09-04,UC San Diego,Santa Clara,false,false,,,unknown,canceled,,,,2020-09-04-Santa-Clara-UC-San-Diego,regular
sidearm-2020-09-04-St.-Thomas-Cal-Lutheran,2020-09-04,St. Thomas,Cal Lutheran,false,false,,,home,scheduled,,,,2020-09-04-Cal-Lutheran-St.-Thomas,regular
sidearm-2020-09-06-UC-San-Diego-Cal,2020-09-06,UC San Diego,California,false,false,,,unknown,canceled,,,,2020-09-06-California-UC-San-Diego,regular
sidearm-2020-09-06-St.-Thomas-St.-Cloud-State,2020-09-06,St. Thomas,St. Cloud State,false,false,,,home,scheduled,,,,2020-09-06-St.-Cloud-State-St.-Thomas,regular
sidearm-2020-09-08-Carthage-St.-Thomas,2020-09-08,Carthage,St. Thomas,false,false,,,away,scheduled,,,,2020-09-08-Carthage-St.-Thomas,regular
wmt-2020-09-11-Clemson-Virginia,2020-09-11,Virginia,Clemson,false,false,,,home,canceled,https://virginiasports.com/sports/msoc/schedule,,,2020-09-11-Clemson-Virginia,regular
sidearm-2020-09-11-Wartburg-St.-Thomas,2020-09-11,Wartburg,St. Thomas,false,false,,,away,scheduled,,,,2020-09-11-St.-Thomas-Wartburg,regular
sidearm-2020-09-12-Notre-Dame-(exhibition)-Louisville,2020-09-12,Notre Dame,Louisville,false,false,1,1,neutral,final,,,,2020-09-12-Louisville-Notre-Dame,exhibition
sidearm-2020-09-12-UC-San-Diego-San-Francisco,2020-09-12,UC San Diego,San Francisco,false,false,,,unknown,canceled,,,,2020-09-12-San-Francisco-UC-San-Diego,regular
sidearm-2020-09-13-St.-Thomas-Luther,2020-09-13,St. Thomas,Luther,false,false,,,home,scheduled,,,,2020-09-13-Luther-St.-Thomas,regular
sidearm-2020-09-16-Stonehill-College-Assumption-University,2020-09-16,Stonehill College,Assumption University,false,false,,,unknown,scheduled,,,,2020-09-16-Assumption-University-Stonehill-College,regular
sidearm-2020-09-16-UC-San-Diego-San-Diego,2020-09-16,UC San Diego,San Diego,false,false,,,unknown,canceled,,,,2020-09-16-San-Diego-UC-San-Diego,regular
sidearm-2020-09-16-Gustavus-Adolphus-St.-Thomas,2020-09-16,Gustavus Adolphus,St. Thomas,false,false,,,away,scheduled,,,,2020-09-16-Gustavus-Adolphus-St.-Thomas,regular
wmt-2020-09-17-Kentucky-Notre-Dame,2020-09-17,Notre Dame,Kentucky,false,false,1,0,home,final,https://fightingirish.com/sports/msoc/schedule,https://fightingirish.com/boxscore/3938,,2020-09-17-Kentucky-Notre-Dame,regular
sidearm-2020-09-18-Georgia-State-Mercer-University,2020-09-18,Georgia State,Mercer,false,false,2,1,unknown,final,,https://georgiastatesports.com/sports/mens-soccer/stats/2020/mercer-university/boxscore/7387,,2020-09-18-Georgia-State-Mercer,regular
sidearm-2020-09-19-Pitt-(exhibition)-Louisville,2020-09-19,Pittsburgh,Louisville,false,false,5,0,away,final,,,,2020-09-19-Louisville-Pittsburgh,exhibition
sidearm-2020-09-19-Syracuse-Virginia,2020-09-19,Syracuse,Virginia,false,false,,,home,canceled,https://virginiasports.com/sports/msoc/schedule,,,2020-09-19-Syracuse-Virginia,regular
sidearm-2020-09-19-Central-Arkansas-UAB,2020-09-19,Central Arkansas,UAB,false,false,2,3,away,final,,https://uabsports.com/sports/mens-soccer/stats/2020/central-arkansas/boxscore/15393,https://ucasports.com/sports/mens-soccer/stats/2020/uab/boxscore/4483,2020-09-19-Central-Arkansas-UAB,regular
sidearm-2020-09-19-UC-San-Diego-Dixie-State,2020-09-19,UC San Diego,Dixie State,false,false,,,unknown,canceled,,,,2020-09-19-Dixie-State-UC-San-Diego,regular
sidearm-2020-09-19-St.-Thomas-Augsburg,2020-09-19,St. Thomas,Augsburg,false,false,,,home,scheduled,,,,2020-09-19-Augsburg-St.-Thomas,regular
sidearm-2020-09-19-South-Carolina-Georgia-Southern,2020-09-19,South Carolina,Georgia Southern,false,false,2,0,away,final,https://gamecocksonline.com/sports/msoc/schedule/2020,https://gseagles.com/sports/mens-soccer/stats/2020/south-carolina/boxscore/10996,https://gamecocksonline.com/boxscore/georgia-southern-university/,2020-09-19-Georgia-Southern-South-Carolina,regular
sidearm-2020-09-20-North-Carolina-(EXH)-NC-State,2020-09-20,North Carolina,NC State,false,false,1,0,away,final,,https://goheels.com/sports/mens-soccer/stats/2020/north-carolina-state-scrimmage-/boxscore/21448,,2020-09-20-NC-State-North-Carolina,exhibition
sidearm-2020-09-21-Kentucky-Duke,2020-09-21,Kentucky,Duke,false,false,4,2,away,final,https://ukathletics.com/sports/msoc/schedule/2020,https://goduke.com/sports/mens-soccer/stats/2020/kentucky/boxscore/19322,,2020-09-21-Duke-Kentucky,regular
sidearm-2020-09-22-Mercer-Georgia-Southern,2020-09-22,Mercer,Georgia Southern,false,false,3,0,away,final,,https://gseagles.com/sports/mens-soccer/stats/2020/mercer/boxscore/10991,,2020-09-22-Georgia-Southern-Mercer,regular
sidearm-2020-09-23-Stonehill-College-Saint-Anselm-College,2020-09-23,Stonehill College,Saint Anselm College,false,false,,,unknown,scheduled,,,,2020-09-23-Saint-Anselm-College-Stonehill-College,regular
sidearm-2020-09-23-UW-Superior-St.-Thomas,2020-09-23,UW-Superior,St. Thomas,false,false,,,away,scheduled,,,,2020-09-23-St.-Thomas-UW-Superior,regular
sidearm-2020-09-24-Georgia-State-University-of-South-Carolina,2020-09-24,Georgia State,South Carolina,false,false,3,1,home,final,https://gamecocksonline.com/sports/msoc/schedule/2020,https://georgiastatesports.com/sports/mens-soccer/stats/2020/university-of-south-carolina/boxscore/7388,https://gamecocksonline.com/boxscore/georgia-state-university-3/,2020-09-24-Georgia-State-South-Carolina,regular
sidearm-2020-09-25-Louisville-#1-Wake-Forest,2020-09-25,Louisville,Wake Forest,false,true,1,3,home,final,,https://gocards.com/sports/mens-soccer/stats/2020/wake-forest/boxscore/22592,,2020-09-25-Louisville-Wake-Forest,regular
sidearm-2020-09-25-Navy-Syracuse,2020-09-25,Navy,Syracuse,false,false,,,away,scheduled,,,,2020-09-25-Navy-Syracuse,regular
sidearm-2020-09-25-Winthrop-Campbell,2020-09-25,Winthrop,Campbell,false,false,,,away,postponed,,https://winthropeagles.com/boxscore.aspx?id=23965,,2020-09-25-Campbell-Winthrop,regular
sidearm-2020-09-25-Air-Force-Air-Force-Blue-Silver,2020-09-25,Air Force,Air Force Blue-Silver,false,false,,,home,scheduled,,,,2020-09-25-Air-Force-Air-Force-Blue-Silver,regular
sidearm-2020-09-25-UC-San-Diego-San-Diego-State,2020-09-25,UC San Diego,San Diego State,false,false,,,unknown,canceled,,,,2020-09-25-San-Diego-State-UC-San-Diego,regular
sidearm-2020-09-25-Navy-Virginia-(Exhibition),2020-09-25,Navy,Virginia,false,false,3,2,unknown,final,,https://navysports.com/documents/2020/9/25//Report_314151_2020_09_25_185507.pdf,,2020-09-25-Navy-Virginia,exhibition
sidearm-2020-09-26-Duke-NC-State-,2020-09-26,Duke,NC State,false,false,1,0,home,final,,https://goduke.com/sports/mens-soccer/stats/2020/nc-state/boxscore/19308,https://gopack.com/sports/mens-soccer/stats/2020/duke/boxscore/20596,2020-09-26-Duke-NC-State,regular
wmt-2020-09-26-Notre-Dame-Pittsburgh,2020-09-26,Notre Dame,Pittsburgh,false,false,1,3,home,final,https://fightingirish.com/sports/msoc/schedule,https://fightingirish.com/boxscore/3944,,2020-09-26-Notre-Dame-Pittsburgh,regular
sidearm-2020-09-26-Georgia-Southern-UAB,2020-09-26,Georgia Southern,UAB,false,false,3,2,away,final,,https://uabsports.com/sports/mens-soccer/stats/2020/georgia-southern/boxscore/15804,https://gseagles.com/sports/mens-soccer/stats/2020/uab/boxscore/10993,2020-09-26-Georgia-Southern-UAB,regular
sidearm-2020-09-26-Merchant-Marine-Academy-Army,2020-09-26,Merchant Marine Academy,Army,false,false,0,1,away,final,,https://goarmywestpoint.com/sports/mens-soccer/stats/2020/merchant-marine-academy/boxscore/12236,,2020-09-26-Army-Merchant-Marine-Academy,regular
sidearm-2020-09-26-St.-Olaf-St.-Thomas,2020-09-26,St. Olaf,St. Thomas,false,false,,,away,scheduled,,,,2020-09-26-St.-Olaf-St.-Thomas,regular
sidearm-2020-09-28-Kentucky-Louisville,2020-09-28,Kentucky,Louisville,false,false,3,1,away,final,https://ukathletics.com/sports/msoc/schedule/2020,https://gocards.com/sports/mens-soccer/stats/2020/kentucky/boxscore/22593,,2020-09-28-Kentucky-Louisville,regular
sidearm-2020-09-29-Winthrop-Georgia-State,2020-09-29,Winthrop,Georgia State,false,false,,,unknown,canceled,,https://winthropeagles.com/boxscore.aspx?id=23965,,2020-09-29-Georgia-State-Winthrop,regular
sidearm-2020-09-29-Saint-John's-St.-Thomas,2020-09-29,St. John's,St. Thomas,false,false,,,away,scheduled,,,,2020-09-29-St.-John's-St.-Thomas,regular
sidearm-2020-09-30-Georgia-State--UAB,2020-09-30,Georgia State,UAB,false,false,4,0,away,final,,https://uabsports.com/sports/mens-soccer/stats/2020/georgia-state/boxscore/15554,,2020-09-30-Georgia-State-UAB,regular
sidearm-2020-09-30-Georgia-State-University-of-Alabama-at-Birmingham,2020-09-30,Georgia State,University of Alabama at Birmingham,false,false,4,0,unknown,final,,https://georgiastatesports.com/sports/mens-soccer/stats/2020/university-of-alabama-at-birmingham/boxscore/7389,,2020-09-30-Georgia-State-University-of-Alabama-at-Birmingham,regular
wmt-2020-10-01-Clemson-South-Carolina,2020-10-01,South Carolina,Clemson,false,false,0,3,away,final,https://clemsontigers.com/sports/mens-soccer/schedule,https://clemsontigers.com/boxscore/2646,https://gamecocksonline.com/boxscore/clemson-university-2/,2020-10-01-Clemson-South-Carolina,regular
sidearm-2020-10-02-Duke-North-Carolina,2020-10-02,Duke,North Carolina,false,false,0,2,home,final,,https://goduke.com/sports/mens-soccer/stats/2020/north-carolina/boxscore/19309,https://goheels.com/sports/mens-soccer/stats/2020/duke/boxscore/21452,2020-10-02-Duke-North-Carolina,regular
sidearm-2020-10-02-Central-Arkansas-Kentucky,2020-10-02,Central Arkansas,Kentucky,false,false,1,2,home,final,https://ukathletics.com/sports/msoc/schedule/2020,https://ucasports.com/sports/mens-soccer/stats/2020/kentucky/boxscore/5503,,2020-10-02-Central-Arkansas-Kentucky,regular
sidearm-2020-10-03-Louisville-Notre-Dame,2020-10-03,Louisville,Notre Dame,false,false,2,1,home,final,https://fightingirish.com/sports/msoc/schedule,https://gocards.com/sports/mens-soccer/stats/2020/notre-dame/boxscore/22594,https://fightingirish.com/boxscore/3936,2020-10-03-Louisville-Notre-Dame,regular
sidearm-2020-10-03-#1-Wake-Forest-NC-State,2020-10-03,Wake Forest,NC State,true,false,4,1,away,final,,https://gopack.com/sports/mens-soccer/stats/2020/-1-wake-forest/boxscore/20597,,2020-10-03-NC-State-Wake-Forest,regular
wmt-2020-10-03-Virginia-Virginia-Tech,2020-10-03,Virginia Tech,Virginia,false,false,,,away,postponed,https://virginiasports.com/sports/msoc/schedule,,,2020-10-03-Virginia-Virginia-Tech,regular
sidearm-2020-10-03-Winthrop-USC-Upstate,2020-10-03,Winthrop,USC Upstate,false,false,,,away,postponed,,https://winthropeagles.com/boxscore.aspx?id=23965,,2020-10-03-USC-Upstate-Winthrop,regular
sidearm-2020-10-03-Monmouth-Saint-Peter's,2020-10-03,Monmouth,Saint Peter's,false,false,,,unknown,canceled,,,,2020-10-03-Monmouth-Saint-Peter's,regular
sidearm-2020-10-03-UC-San-Diego-UC-Davis,2020-10-03,UC San Diego,UC Davis,false,false,,,unknown,canceled,,,,2020-10-03-UC-Davis-UC-San-Diego,regular
sidearm-2020-10-03-Army-Merchant-Marine-Academy,2020-10-03,Army,Merchant Marine Academy,false,false,4,0,home,final,,https://goarmywestpoint.com/sports/mens-soccer/stats/2020/merchant-marine-academy/boxscore/12237,,2020-10-03-Army-Merchant-Marine-Academy,regular
sidearm-2020-10-03-St.-Thomas-Bethel,2020-10-03,St. Thomas,Bethel,false,false,,,home,scheduled,,,,2020-10-03-Bethel-St.-Thomas,regular
sidearm-2020-10-04-Dubuque-St.-Thomas,2020-10-04,Dubuque,St. Thomas,false,false,,,away,scheduled,,,,2020-10-04-Dubuque-St.-Thomas,regular
sidearm-2020-10-04-Georgia-State-Georgia-Southern,2020-10-04,Georgia State,Georgia Southern,false,false,2,0,away,final,,https://gseagles.com/sports/mens-soccer/stats/2020/georgia-state/boxscore/8729,https://georgiastatesports.com/sports/mens-soccer/stats/2020/georgia-southern-university/boxscore/7390,2020-10-04-Georgia-Southern-Georgia-State,regular
wmt-2020-10-05-Clemson-UAB,2020-10-05,Clemson,UAB,true,false,2,0,home,final,https://clemsontigers.com/sports/mens-soccer/schedule,https://clemsontigers.com/boxscore/2662,https://uabsports.com/sports/mens-soccer/stats/2020/clemson/boxscore/15807,2020-10-05-Clemson-UAB,regular
sidearm-2020-10-06-Syracuse-#2-Pittsburgh,2020-10-06,Syracuse,Pittsburgh,false,true,2,3,home,final,,https://cuse.com/sports/mens-soccer/stats/2020/pittsburgh/boxscore/13722,,2020-10-06-Pittsburgh-Syracuse,regular
sidearm-2020-10-06-Winthrop-UNC-Wilmington,2020-10-06,Winthrop,UNC Wilmington,false,false,,,unknown,canceled,,https://winthropeagles.com/boxscore.aspx?id=23965,,2020-10-06-UNC-Wilmington-Winthrop,regular
sidearm-2020-10-06-Georgia-State-Mercer-University,2020-10-06,Georgia State,Mercer,false,false,2,0,unknown,final,,https://georgiastatesports.com/sports/mens-soccer/stats/2020/mercer-university/boxscore/7391,,2020-10-06-Georgia-State-Mercer,regular
sidearm-2020-10-07-Monmouth-Fairfield,2020-10-07,Monmouth,Fairfield,false,false,,,unknown,canceled,,,,2020-10-07-Fairfield-Monmouth,regular
sidearm-2020-10-07-UC-San-Diego-Cal-State-Fullerton,2020-10-07,UC San Diego,Cal State Fullerton,false,false,,,unknown,canceled,,,,2020-10-07-Cal-State-Fullerton-UC-San-Diego,regular
wmt-2020-10-09-Clemson-North-Carolina,2020-10-09,North Carolina,Clemson,false,false,1,0,away,final,https://clemsontigers.com/sports/mens-soccer/schedule,https://clemsontigers.com/boxscore/2645,https://goheels.com/sports/mens-soccer/stats/2020/clemson/boxscore/21455,2020-10-09-Clemson-North-Carolina,regular
sidearm-2020-10-09-NC-State--Duke,2020-10-09,NC State,Duke,false,false,1,3,away,final,,https://goduke.com/sports/mens-soccer/stats/2020/nc-state/boxscore/19310,https://gopack.com/sports/mens-soccer/stats/2020/duke/boxscore/20598,2020-10-09-Duke-NC-State,regular
sidearm-2020-10-09-#5-Virginia-Louisville,2020-10-09,Virginia,Louisville,true,false,2,1,away,final,https://virginiasports.com/sports/msoc/schedule,https://gocards.com/sports/mens-soccer/stats/2020/virginia/boxscore/22595,https://virginiasports.com/boxscore/3587,2020-10-09-Louisville-Virginia,regular
wmtwp-2020-10-09-Mercer-South-Carolina,2020-10-09,Mercer,South Carolina,false,false,0,1,away,final,https://gamecocksonline.com/sports/msoc/schedule/2020,https://gamecocksonline.com/boxscore/mercer-university/,,2020-10-09-Mercer-South-Carolina,regular
wmt-2020-10-10-Pittsburgh-Virginia-Tech,2020-10-10,Pittsburgh,Virginia Tech,true,false,4,2,away,final,https://hokiesports.com/sports/mens-soccer/schedule,https://hokiesports.com/boxscore/10343,,2020-10-10-Pittsburgh-Virginia-Tech,regular
sidearm-2020-10-10-#1-Wake-Forest-UAB,2020-10-10,Wake Forest,UAB,true,false,3,0,away,final,,https://uabsports.com/sports/mens-soccer/stats/2020/wake-forest/boxscore/15808,,2020-10-10-UAB-Wake-Forest,regular
sidearm-2020-10-10-Central-Arkansas-Georgia-Southern,2020-10-10,Central Arkansas,Georgia Southern,false,false,4,1,home,final,,https://ucasports.com/sports/mens-soccer/stats/2020/georgia-southern/boxscore/4384,https://gseagles.com/sports/mens-soccer/stats/2020/central-arkansas/boxscore/10995,2020-10-10-Central-Arkansas-Georgia-Southern,regular
sidearm-2020-10-10-Winthrop-Radford,2020-10-10,Winthrop,Radford,false,false,,,away,postponed,,https://winthropeagles.com/boxscore.aspx?id=23965,,2020-10-10-Radford-Winthrop,regular
sidearm-2020-10-10-Monmouth-Iona,2020-10-10,Monmouth,Iona,false,false,,,home,canceled,,,,2020-10-10-Iona-Monmouth,regular
sidearm-2020-10-10-UC-San-Diego-Cal-Poly,2020-10-10,UC San Diego,Cal Poly,false,false,,,unknown,canceled,,,,2020-10-10-Cal-Poly-UC-San-Diego,regular
sidearm-2020-10-10-Carleton-St.-Thomas,2020-10-10,Carleton,St. Thomas,false,false,,,away,scheduled,,,,2020-10-10-Carleton-St.-Thomas,regular
sidearm-2020-10-10-Coastal-Carolina-Georgia-State,2020-10-10,Coastal Carolina,Georgia State,false,false,1,0,home,final,,https://goccusports.com/sports/mens-soccer/stats/2020/georgia-state/boxscore/19176,https://georgiastatesports.com/sports/mens-soccer/stats/2020/coastal-carolina-university/boxscore/7392,2020-10-10-Coastal-Carolina-Georgia-State,regular
wmt-2020-10-11-Notre-Dame-Syracuse,2020-10-11,Notre Dame,Syracuse,false,false,1,0,home,final,https://fightingirish.com/sports/msoc/schedule,https://fightingirish.com/boxscore/3939,https://cuse.com/sports/mens-soccer/stats/2020/notre-dame/boxscore/13723,2020-10-11-Notre-Dame-Syracuse,regular
wmt-2020-10-13-Clemson-Wake-Forest,2020-10-13,Clemson,Wake Forest,false,true,2,1,home,final,https://clemsontigers.com/sports/mens-soccer/schedule,https://clemsontigers.com/boxscore/2650,,2020-10-13-Clemson-Wake-Forest,regular
sidearm-2020-10-13-UAB-Georgia-State,2020-10-13,UAB,Georgia State,false,false,1,4,home,final,,https://uabsports.com/sports/mens-soccer/stats/2020/georgia-state/boxscore/15398,,2020-10-13-Georgia-State-UAB,regular
sidearm-2020-10-13-Georgia-State-University-of-Alabama-at-Birmingham,2020-10-13,Georgia State,University of Alabama at Birmingham,false,false,4,1,unknown,final,,https://georgiastatesports.com/sports/mens-soccer/stats/2020/university-of-alabama-at-birmingham/boxscore/7393,,2020-10-13-Georgia-State-University-of-Alabama-at-Birmingham,regular
wmt-2020-10-14-Virginia-Virginia-Tech,2020-10-14,Virginia Tech,Virginia,false,true,1,1,away,final,https://virginiasports.com/sports/msoc/schedule,https://virginiasports.com/boxscore/3581,,2020-10-14-Virginia-Virginia-Tech,regular
sidearm-2020-10-14-Winthrop-Presbyterian-College,2020-10-14,Winthrop,Presbyterian,false,false,,,home,postponed,,,,2020-10-14-Presbyterian-Winthrop,regular
sidearm-2020-10-14-UC-San-Diego-CSUN,2020-10-14,UC San Diego,CSUN,false,false,,,unknown,canceled,,,,2020-10-14-CSUN-UC-San-Diego,regular
sidearm-2020-10-14-St.-Thomas-Concordia-Moorhead,2020-10-14,St. Thomas,Concordia-Moorhead,false,false,,,home,scheduled,,,,2020-10-14-Concordia-Moorhead-St.-Thomas,regular
wmtwp-2020-10-14-Kentucky-Mercer,2020-10-14,Kentucky,Mercer,false,false,3,1,home,final,https://ukathletics.com/sports/msoc/schedule/2020,,,2020-10-14-Kentucky-Mercer,regular
wmt-2020-10-16-Clemson-Duke,2020-10-16,Clemson,Duke,false,false,2,1,home,final,https://clemsontigers.com/sports/mens-soccer/schedule,https://clemsontigers.com/boxscore/2647,https://goduke.com/sports/mens-soccer/stats/2020/clemson/boxscore/19311,2020-10-16-Clemson-Duke,regular
sidearm-2020-10-16-Syracuse-Louisville,2020-10-16,Syracuse,Louisville,false,false,2,2,away,final,,https://gocards.com/sports/mens-soccer/stats/2020/syracuse/boxscore/22596,https://cuse.com/sports/mens-soccer/stats/2020/louisville/boxscore/13724,2020-10-16-Louisville-Syracuse,regular
sidearm-2020-10-16-Central-Arkansas-Coastal-Carolina,2020-10-16,Central Arkansas,Coastal Carolina,false,false,2,3,neutral,final,,https://ucasports.com/sports/mens-soccer/stats/2020/coastal-carolina/boxscore/5505,https://goccusports.com/sports/mens-soccer/stats/2020/central-arkansas/boxscore/19177,2020-10-16-Central-Arkansas-Coastal-Carolina,regular
sidearm-2020-10-16-Georgia-Southern-Georgia-State,2020-10-16,Georgia Southern,Georgia State,false,false,0,3,home,final,,https://gseagles.com/sports/mens-soccer/stats/2020/georgia-state/boxscore/8723,https://georgiastatesports.com/sports/mens-soccer/stats/2020/georgia-southern-university/boxscore/7394,2020-10-16-Georgia-Southern-Georgia-State,regular
sidearm-2020-10-17-Kentucky-UAB,2020-10-17,Kentucky,UAB,false,false,2,0,away,final,https://ukathletics.com/sports/msoc/schedule/2020,https://uabsports.com/sports/mens-soccer/stats/2020/kentucky/boxscore/15809,,2020-10-17-Kentucky-UAB,regular
sidearm-2020-10-17-Winthrop-Gardner-Webb,2020-10-17,Winthrop,Gardner-Webb,false,false,,,home,postponed,,,,2020-10-17-Gardner-Webb-Winthrop,regular
sidearm-2020-10-17-Monmouth-Canisius,2020-10-17,Monmouth,Canisius,false,false,,,unknown,canceled,,,,2020-10-17-Canisius-Monmouth,regular
sidearm-2020-10-17-UC-San-Diego-UC-Santa-Barbara,2020-10-17,UC San Diego,UC Santa Barbara,false,false,,,unknown,canceled,,,,2020-10-17-UC-San-Diego-UC-Santa-Barbara,regular
sidearm-2020-10-17-Hamline-St.-Thomas,2020-10-17,Hamline,St. Thomas,false,false,,,away,scheduled,,,,2020-10-17-Hamline-St.-Thomas,regular
sidearm-2020-10-18-NC-State-Navy,2020-10-18,NC State,Navy,false,false,1,2,home,final,,https://gopack.com/sports/mens-soccer/stats/2020/navy/boxscore/20599,https://navysports.com/sports/mens-soccer/stats/2020/north-carolina-state/boxscore/19612,2020-10-18-NC-State-Navy,regular
sidearm-2020-10-18-Wake-Forest-North-Carolina,2020-10-18,Wake Forest,North Carolina,false,false,1,0,away,final,,https://goheels.com/sports/mens-soccer/stats/2020/wake-forest/boxscore/21456,,2020-10-18-North-Carolina-Wake-Forest,regular
wmt-2020-10-18-Pittsburgh-Virginia,2020-10-18,Virginia,Pittsburgh,false,true,2,3,home,final,https://virginiasports.com/sports/msoc/schedule,https://virginiasports.com/boxscore/3591,,2020-10-18-Pittsburgh-Virginia,regular
sidearm-2020-10-18-Central-Arkansas-Coastal-Carolina,2020-10-18,Central Arkansas,Coastal Carolina,false,false,0,1,neutral,final,,https://ucasports.com/sports/mens-soccer/stats/2020/coastal-carolina/boxscore/4388,https://goccusports.com/sports/mens-soccer/stats/2020/central-arkansas/boxscore/19178,2020-10-18-Central-Arkansas-Coastal-Carolina,regular
sidearm-2020-10-19-Winthrop-Charlotte,2020-10-19,Winthrop,Charlotte,false,false,,,away,canceled,,,,2020-10-19-Charlotte-Winthrop,regular
sidearm-2020-10-20-UAB-Georgia-Southern,2020-10-20,UAB,Georgia Southern,false,false,,,home,scheduled,,,,2020-10-20-Georgia-Southern-UAB,regular
sidearm-2020-10-21-Monmouth-Marist,2020-10-21,Monmouth,Marist,false,false,,,unknown,canceled,,,,2020-10-21-Marist-Monmouth,regular
sidearm-2020-10-21-UC-San-Diego-Sacramento-State,2020-10-21,UC San Diego,Sacramento State,false,false,,,unknown,canceled,,,,2020-10-21-Sacramento-State-UC-San-Diego,regular
wmt-2020-10-23-Clemson-NC-State,2020-10-23,NC State,Clemson,false,true,0,1,away,final,https://clemsontigers.com/sports/mens-soccer/schedule,https://clemsontigers.com/boxscore/2659,https://gopack.com/sports/mens-soccer/stats/2020/-3-clemson/boxscore/20600,2020-10-23-Clemson-NC-State,regular
sidearm-2020-10-23-Duke-#2-Wake-Forest,2020-10-23,Duke,Wake Forest,false,true,1,2,home,final,,https://goduke.com/sports/mens-soccer/stats/2020/wake-forest/boxscore/19312,,2020-10-23-Duke-Wake-Forest,regular
sidearm-2020-10-23-Louisville-#1-Pitt,2020-10-23,Louisville,Pittsburgh,false,true,1,4,home,final,,https://gocards.com/sports/mens-soccer/stats/2020/pitt/boxscore/22597,,2020-10-23-Louisville-Pittsburgh,regular
wmt-2020-10-24-Notre-Dame-Virginia,2020-10-24,Notre Dame,Virginia,false,false,2,1,home,final,https://fightingirish.com/sports/msoc/schedule,https://virginiasports.com/boxscore/3588,https://fightingirish.com/documents/4aeafa05-fb0a-488a-b55b-06428968f5fd.pdf,2020-10-24-Notre-Dame-Virginia,regular
sidearm-2020-10-24-Virginia-Tech-Syracuse,2020-10-24,Virginia Tech,Syracuse,false,false,1,1,away,final,https://hokiesports.com/sports/mens-soccer/schedule,https://cuse.com/sports/mens-soccer/stats/2020/virginia-tech/boxscore/13725,https://hokiesports.com/boxscore/10345,2020-10-24-Syracuse-Virginia-Tech,regular
sidearm-2020-10-24-South-Carolina-UAB,2020-10-24,South Carolina,UAB,false,false,,,away,scheduled,https://gamecocksonline.com/sports/msoc/schedule/2020,,,2020-10-24-South-Carolina-UAB,regular
sidearm-2020-10-24-Central-Arkansas-Georgia-State,2020-10-24,Central Arkansas,Georgia State,false,false,2,0,unknown,final,,https://ucasports.com/sports/mens-soccer/stats/2020/georgia-state/boxscore/4387,https://georgiastatesports.com/sports/mens-soccer/stats/2020/university-of-central-arkansas/boxscore/7395,2020-10-24-Central-Arkansas-Georgia-State,regular
sidearm-2020-10-24-Monmouth-Quinnipiac,2020-10-24,Monmouth,Quinnipiac,false,false,,,unknown,canceled,,,,2020-10-24-Monmouth-Quinnipiac,regular
sidearm-2020-10-24-Stonehill-College-Franklin-Pierce-University,2020-10-24,Stonehill College,Franklin Pierce University,false,false,,,unknown,scheduled,,,,2020-10-24-Franklin-Pierce-University-Stonehill-College,regular
sidearm-2020-10-24-UC-San-Diego-UC-Irvine,2020-10-24,UC San Diego,UC Irvine,false,false,,,unknown,canceled,,,,2020-10-24-UC-Irvine-UC-San-Diego,regular
sidearm-2020-10-24-St.-Thomas-Macalester,2020-10-24,St. Thomas,Macalester,false,false,,,home,scheduled,,,,2020-10-24-Macalester-St.-Thomas,regular
wmtwp-2020-10-24-Belmont-Abbey-College-South-Carolina,2020-10-24,South Carolina,Belmont Abbey College,false,false,5,0,home,final,https://gamecocksonline.com/sports/msoc/schedule/2020,https://gamecocksonline.com/boxscore/belmont-abbey-college/,,2020-10-24-Belmont-Abbey-College-South-Carolina,regular
sidearm-2020-10-25-Coastal-Carolina-Georgia-Southern,2020-10-25,Coastal Carolina,Georgia Southern,false,false,2,1,home,final,,https://goccusports.com/sports/mens-soccer/stats/2020/georgia-southern/boxscore/19179,https://gseagles.com/sports/mens-soccer/stats/2020/coastal-carolina/boxscore/8725,2020-10-25-Coastal-Carolina-Georgia-Southern,regular
wmt-2020-10-27-Clemson-North-Carolina,2020-10-27,Clemson,North Carolina,false,true,3,3,home,final,https://clemsontigers.com/sports/mens-soccer/schedule,https://clemsontigers.com/boxscore/2652,https://goheels.com/sports/mens-soccer/stats/2020/clemson/boxscore/21450,2020-10-27-Clemson-North-Carolina,regular
sidearm-2020-10-28-UAB-Central-Arkansas,2020-10-28,UAB,Central Arkansas,false,false,,,home,scheduled,,,,2020-10-28-Central-Arkansas-UAB,regular
sidearm-2020-10-28-Winthrop-High-Point,2020-10-28,Winthrop,High Point,false,false,,,home,postponed,,,,2020-10-28-High-Point-Winthrop,regular
sidearm-2020-10-28-Monmouth-Manhattan,2020-10-28,Monmouth,Manhattan,false,false,,,unknown,canceled,,,,2020-10-28-Manhattan-Monmouth,regular
wmt-2020-10-30-Clemson-Wake-Forest,2020-10-30,Wake Forest,Clemson,true,false,2,0,away,final,https://clemsontigers.com/sports/mens-soccer/schedule,https://clemsontigers.com/boxscore/2653,,2020-10-30-Clemson-Wake-Forest,regular
sidearm-2020-10-30-Duke-Kentucky,2020-10-30,Duke,Kentucky,false,false,,,home,scheduled,,,,2020-10-30-Duke-Kentucky,regular
sidearm-2020-10-30-Louisville-Virginia-Tech,2020-10-30,Louisville,Virginia Tech,false,false,1,2,home,final,https://hokiesports.com/sports/mens-soccer/schedule,https://gocards.com/sports/mens-soccer/stats/2020/virginia-tech/boxscore/22598,https://hokiesports.com/boxscore/10346,2020-10-30-Louisville-Virginia-Tech,regular
wmt-2020-10-30-Notre-Dame-Pittsburgh,2020-10-30,Pittsburgh,Notre Dame,false,false,,,away,postponed,https://fightingirish.com/sports/msoc/schedule,,,2020-10-30-Notre-Dame-Pittsburgh,regular
sidearm-2020-10-30-Virginia-Syracuse,2020-10-30,Virginia,Syracuse,false,false,1,0,away,final,https://virginiasports.com/sports/msoc/schedule,https://cuse.com/sports/mens-soccer/stats/2020/virginia/boxscore/13726,https://virginiasports.com/boxscore/3590,2020-10-30-Syracuse-Virginia,regular
sidearm-2020-10-31-Central-Arkansas-Georgia-Southern,2020-10-31,Central Arkansas,Georgia Southern,false,false,1,0,away,final,,https://ucasports.com/sports/mens-soccer/stats/2020/georgia-southern/boxscore/5507,https://gseagles.com/sports/mens-soccer/stats/2020/central-arkansas/boxscore/10998,2020-10-31-Central-Arkansas-Georgia-Southern,regular
sidearm-2020-10-31-Winthrop-UNC-Asheville,2020-10-31,Winthrop,UNC Asheville,false,false,,,away,postponed,,,,2020-10-31-UNC-Asheville-Winthrop,regular
sidearm-2020-10-31-Monmouth-Niagara,2020-10-31,Monmouth,Niagara,false,false,,,unknown,canceled,,,,2020-10-31-Monmouth-Niagara,regular
sidearm-2020-10-31-UC-San-Diego-CSU-Bakersfield,2020-10-31,UC San Diego,CSU Bakersfield,false,false,,,unknown,canceled,,,,2020-10-31-CSU-Bakersfield-UC-San-Diego,regular
sidearm-2020-10-31-St.-Thomas-Saint-Mary's,2020-10-31,St. Thomas,Saint Mary's,false,false,,,home,scheduled,,,,2020-10-31-Saint-Mary's-St.-Thomas,regular
sidearm-2020-11-01-#5-North-Carolina-NC-State,2020-11-01,North Carolina,NC State,true,false,0,0,away,final,,https://gopack.com/sports/mens-soccer/stats/2020/-5-north-carolina/boxscore/20601,https://goheels.com/sports/mens-soccer/stats/2020/north-carolina-state/boxscore/21457,2020-11-01-NC-State-North-Carolina,regular
sidearm-2020-11-01-Georgia-State-Coastal-Carolina,2020-11-01,Georgia State,Coastal Carolina,false,false,2,0,away,final,,https://goccusports.com/sports/mens-soccer/stats/2020/georgia-state/boxscore/19180,https://georgiastatesports.com/sports/mens-soccer/stats/2020/coastal-carolina-university/boxscore/7396,2020-11-01-Coastal-Carolina-Georgia-State,regular
wmt-2020-11-02-Notre-Dame-Virginia-Tech,2020-11-02,Notre Dame,Virginia Tech,false,false,0,1,home,final,https://fightingirish.com/sports/msoc/schedule,https://fightingirish.com/boxscore/3933,https://hokiesports.com/boxscore/10347,2020-11-02-Notre-Dame-Virginia-Tech,regular
sidearm-2020-11-04-Winthrop-Longwood,2020-11-04,Winthrop,Longwood,false,false,,,home,postponed,,,,2020-11-04-Longwood-Winthrop,regular
sidearm-2020-11-04-Monmouth-Siena,2020-11-04,Monmouth,Siena,false,false,,,unknown,canceled,,,,2020-11-04-Monmouth-Siena,regular
sidearm-2020-11-06-#4-North-Carolina-Duke,2020-11-06,North Carolina,Duke,true,false,2,0,away,final,,https://goduke.com/sports/mens-soccer/stats/2020/north-carolina/boxscore/19313,https://goheels.com/sports/mens-soccer/stats/2020/duke/boxscore/21458,2020-11-06-Duke-North-Carolina,regular
sidearm-2020-11-06-Notre-Dame-Louisville,2020-11-06,Notre Dame,Louisville,false,false,4,1,away,final,https://fightingirish.com/sports/msoc/schedule,https://gocards.com/sports/mens-soccer/stats/2020/notre-dame/boxscore/22599,https://fightingirish.com/boxscore/3926,2020-11-06-Louisville-Notre-Dame,regular
sidearm-2020-11-06-Pittsburgh-Syracuse,2020-11-06,Pittsburgh,Syracuse,false,false,,,away,scheduled,,,,2020-11-06-Pittsburgh-Syracuse,regular
wmt-2020-11-06-Virginia-Virginia-Tech,2020-11-06,Virginia,Virginia Tech,false,false,0,1,home,final,https://virginiasports.com/sports/msoc/schedule,https://virginiasports.com/boxscore/3589,https://hokiesports.com/boxscore/10348,2020-11-06-Virginia-Virginia-Tech,regular
sidearm-2020-11-06-Central-Arkansas-Georgia-State,2020-11-06,Central Arkansas,Georgia State,false,false,0,1,unknown,final,,https://ucasports.com/sports/mens-soccer/stats/2020/georgia-state/boxscore/5504,https://georgiastatesports.com/sports/mens-soccer/stats/2020/university-of-central-arkansas/boxscore/7397,2020-11-06-Central-Arkansas-Georgia-State,regular
sidearm-2020-11-06-Georgia-Southern-Coastal-Carolina,2020-11-06,Georgia Southern,Coastal Carolina,false,false,0,3,away,final,,https://goccusports.com/sports/mens-soccer/stats/2020/georgia-southern/boxscore/19181,https://gseagles.com/sports/mens-soccer/stats/2020/coastal-carolina/boxscore/10999,2020-11-06-Coastal-Carolina-Georgia-Southern,regular
sidearm-2020-11-07-NC-State-#2-Wake-Forest,2020-11-07,NC State,Wake Forest,false,true,0,2,home,final,,https://gopack.com/sports/mens-soccer/stats/2020/-2-wake-forest/boxscore/20602,,2020-11-07-NC-State-Wake-Forest,regular
sidearm-2020-11-07-Monmouth-Rider,2020-11-07,Monmouth,Rider University,false,false,,,unknown,canceled,,,,2020-11-07-Monmouth-Rider-University,regular
sidearm-2020-11-07-UC-San-Diego-UC-Riverside,2020-11-07,UC San Diego,UC Riverside,false,false,,,unknown,canceled,,,,2020-11-07-UC-Riverside-UC-San-Diego,regular
sidearm-2020-11-09-UC-San-Diego-UCLA,2020-11-09,UC San Diego,UCLA,false,false,,,unknown,canceled,,,,2020-11-09-UC-San-Diego-UCLA,regular
sidearm-2020-11-13-Central-Arkansas-Georgia-State,2020-11-13,Central Arkansas,Georgia State,false,false,1,1,unknown,final,,https://ucasports.com/sports/mens-soccer/stats/2020/georgia-state/boxscore/4389,https://georgiastatesports.com/sports/mens-soccer/stats/2020/university-of-central-arkansas/boxscore/7517,2020-11-13-Central-Arkansas-Georgia-State,regular
sidearm-2020-11-13-Georgia-Southern-Coastal-Carolina,2020-11-13,Georgia Southern,Coastal Carolina,false,false,0,6,neutral,final,,https://goccusports.com/sports/mens-soccer/stats/2020/georgia-southern/boxscore/19182,https://gseagles.com/sports/mens-soccer/stats/2020/coastal-carolina/boxscore/8730,2020-11-13-Coastal-Carolina-Georgia-Southern,regular
wmt-2020-11-15-Clemson-Virginia-Tech,2020-11-15,Clemson,Virginia Tech,false,true,4,1,neutral,final,https://clemsontigers.com/sports/mens-soccer/schedule,https://clemsontigers.com/boxscore/2657,https://hokiesports.com/boxscore/10349,2020-11-15-Clemson-Virginia-Tech,regular
sidearm-2020-11-15-#1-Pittsburgh-Duke,2020-11-15,Pittsburgh,Duke,true,false,2,1,neutral,final,,https://goduke.com/sports/mens-soccer/stats/2020/pittsburgh/boxscore/19351,,2020-11-15-Duke-Pittsburgh,regular
wmt-2020-11-15-North-Carolina-Notre-Dame,2020-11-15,North Carolina,Notre Dame,false,false,0,1,away,final,https://fightingirish.com/sports/msoc/schedule,https://fightingirish.com/boxscore/3924,https://goheels.com/sports/mens-soccer/stats/2020/notre-dame-acc-quarterfinal-/boxscore/21482,2020-11-15-North-Carolina-Notre-Dame,regular
wmt-2020-11-15-Virginia-Wake-Forest,2020-11-15,Wake Forest,Virginia,true,false,0,2,away,final,https://virginiasports.com/sports/msoc/schedule,https://virginiasports.com/boxscore/3586,,2020-11-15-Virginia-Wake-Forest,regular
sidearm-2020-11-15-Georgia-State-Coastal-Carolina,2020-11-15,Georgia State,Coastal Carolina,false,false,0,0,neutral,final,,https://goccusports.com/sports/mens-soccer/stats/2020/georgia-state/boxscore/19183,https://georgiastatesports.com/sports/mens-soccer/stats/2020/coastal-carolina-university/boxscore/7571,2020-11-15-Coastal-Carolina-Georgia-State,regular
wmt-2020-11-18-Clemson-Virginia,2020-11-18,Clemson,Virginia,true,false,2,1,neutral,final,https://clemsontigers.com/sports/mens-soccer/schedule,https://clemsontigers.com/boxscore/2656,https://virginiasports.com/boxscore/3579,2020-11-18-Clemson-Virginia,regular
wmt-2020-11-18-Notre-Dame-Pittsburgh,2020-11-18,Notre Dame,Pittsburgh,false,false,1,3,neutral,final,https://fightingirish.com/sports/msoc/schedule,https://fightingirish.com/boxscore/3922,,2020-11-18-Notre-Dame-Pittsburgh,regular
wmt-2020-11-22-Clemson-Pittsburgh,2020-11-22,Clemson,Pittsburgh,false,true,2,1,neutral,final,https://clemsontigers.com/sports/mens-soccer/schedule,https://clemsontigers.com/boxscore/2658,,2020-11-22-Clemson-Pittsburgh,regular
